<?xml version="1.0" encoding="utf-8"?>
<!--/1122152/756880/2.49/20/3/Integrated Circuit/-->
<quadcept_library>
  <setting unit="mil" />
  <textstyle name="Default" height="47.244094488189" strokewidth="7.8740157480315" charwidth="47.244094488189" />
  <textstyle name="Dimension" height="19.6850393700787" strokewidth="0" charwidth="19.6850393700787" />
  <textstyle name="H127W0635TH00762" height="50" strokewidth="3" charwidth="25" />
  <textstyle name="H15W15TH02" height="59.0551181102362" strokewidth="7.8740157480315" charwidth="59.0551181102362" />
  <padstyle name="r180_45" surface="True" plated="False" isvia="False" nopaste="False" nomask="True" complex="False" holesize="0">
    <padshape layer="TOP" shape="rectangle" width="17.716535433071" height="70.866141732283" />
    <padshape layer="TOP_SOLDER_MASK" shape="rectangle" width="25.590551181102" height="78.740157480314" />
    <padshape layer="TOP_SOLDER_PASTE" shape="rectangle" width="17.716535433071" height="70.866141732283" />
  </padstyle>
  <footprint name="SOP65P780X200-20N" originx="0" originy="0" pickpointx="0" pickpointy="0">
    <pcbpin number="1" name="1" style="r180_45" originx="-139.76377952756" originy="115.15748031496" rotation="90" />
    <pcbpin number="2" name="2" style="r180_45" originx="-139.76377952756" originy="89.566929133857" rotation="90" />
    <pcbpin number="3" name="3" style="r180_45" originx="-139.76377952756" originy="63.976377952755" rotation="90" />
    <pcbpin number="4" name="4" style="r180_45" originx="-139.76377952756" originy="38.385826771653" rotation="90" />
    <pcbpin number="5" name="5" style="r180_45" originx="-139.76377952756" originy="12.795275590551" rotation="90" />
    <pcbpin number="6" name="6" style="r180_45" originx="-139.76377952756" originy="-12.795275590551" rotation="90" />
    <pcbpin number="7" name="7" style="r180_45" originx="-139.76377952756" originy="-38.385826771653" rotation="90" />
    <pcbpin number="8" name="8" style="r180_45" originx="-139.76377952756" originy="-63.976377952755" rotation="90" />
    <pcbpin number="9" name="9" style="r180_45" originx="-139.76377952756" originy="-89.566929133857" rotation="90" />
    <pcbpin number="10" name="10" style="r180_45" originx="-139.76377952756" originy="-115.15748031496" rotation="90" />
    <pcbpin number="11" name="11" style="r180_45" originx="139.76377952756" originy="-115.15748031496" rotation="90" />
    <pcbpin number="12" name="12" style="r180_45" originx="139.76377952756" originy="-89.566929133857" rotation="90" />
    <pcbpin number="13" name="13" style="r180_45" originx="139.76377952756" originy="-63.976377952755" rotation="90" />
    <pcbpin number="14" name="14" style="r180_45" originx="139.76377952756" originy="-38.385826771653" rotation="90" />
    <pcbpin number="15" name="15" style="r180_45" originx="139.76377952756" originy="-12.795275590551" rotation="90" />
    <pcbpin number="16" name="16" style="r180_45" originx="139.76377952756" originy="12.795275590551" rotation="90" />
    <pcbpin number="17" name="17" style="r180_45" originx="139.76377952756" originy="38.385826771653" rotation="90" />
    <pcbpin number="18" name="18" style="r180_45" originx="139.76377952756" originy="63.976377952755" rotation="90" />
    <pcbpin number="19" name="19" style="r180_45" originx="139.76377952756" originy="89.566929133857" rotation="90" />
    <pcbpin number="20" name="20" style="r180_45" originx="139.76377952756" originy="115.15748031496" rotation="90" />
    <line layer="TOP_PLACE_BOUND" originx="-185.03937007874" originy="157.48031496063" endx="185.03937007874" endy="157.48031496063" width="1.9685039370079" />
    <line layer="TOP_PLACE_BOUND" originx="185.03937007874" originy="157.48031496063" endx="185.03937007874" endy="-157.48031496063" width="1.9685039370079" />
    <line layer="TOP_PLACE_BOUND" originx="185.03937007874" originy="-157.48031496063" endx="-185.03937007874" endy="-157.48031496063" width="1.9685039370079" />
    <line layer="TOP_PLACE_BOUND" originx="-185.03937007874" originy="-157.48031496063" endx="-185.03937007874" endy="157.48031496063" width="1.9685039370079" />
    <line layer="TOP_ASSEMBLY" originx="-104.33070866142" originy="141.73228346457" endx="104.33070866142" endy="141.73228346457" width="3.9370078740157" />
    <line layer="TOP_ASSEMBLY" originx="104.33070866142" originy="141.73228346457" endx="104.33070866142" endy="-141.73228346457" width="3.9370078740157" />
    <line layer="TOP_ASSEMBLY" originx="104.33070866142" originy="-141.73228346457" endx="-104.33070866142" endy="-141.73228346457" width="3.9370078740157" />
    <line layer="TOP_ASSEMBLY" originx="-104.33070866142" originy="-141.73228346457" endx="-104.33070866142" endy="141.73228346457" width="3.9370078740157" />
    <line layer="TOP_ASSEMBLY" originx="-104.33070866142" originy="116.14173228346" endx="-78.740157480314" endy="141.73228346457" width="3.9370078740157" />
    <line layer="TOP_SILKSCREEN" originx="-90.551181102361" originy="141.73228346457" endx="90.551181102361" endy="141.73228346457" width="7.8740157480314" />
    <line layer="TOP_SILKSCREEN" originx="90.551181102361" originy="141.73228346457" endx="90.551181102361" endy="-141.73228346457" width="7.8740157480314" />
    <line layer="TOP_SILKSCREEN" originx="90.551181102361" originy="-141.73228346457" endx="-90.551181102361" endy="-141.73228346457" width="7.8740157480314" />
    <line layer="TOP_SILKSCREEN" originx="-90.551181102361" originy="-141.73228346457" endx="-90.551181102361" endy="141.73228346457" width="7.8740157480314" />
    <line layer="TOP_SILKSCREEN" originx="-175.1968503937" originy="137.79527559055" endx="-104.33070866142" endy="137.79527559055" width="7.8740157480314" />
  </footprint>
  <symbol name="WM8782SEDS_V" originx="0" originy="0">
    <line originx="200" originy="100" endx="1200" endy="100" width="0" />
    <line originx="1200" originy="-1000" endx="1200" endy="100" width="0" />
    <line originx="1200" originy="-1000" endx="200" endy="-1000" width="0" />
    <line originx="200" originy="100" endx="200" endy="-1000" width="0" />
    <sympin number="1" originx="200" originy="0" rotation="180" length="100" width="7.8740157480315" flipped="False">
      <text name="pinname" originx="230" originy="0" style="Default" rotation="0" justify="left" flipped="False" hidden="False" data="MCLK" />
      <text name="pindes" originx="140" originy="20" style="Default" rotation="0" justify="lowerright" flipped="False" hidden="False" data="1" />
    </sympin>
    <sympin number="2" originx="200" originy="-100" rotation="180" length="100" width="7.8740157480315" flipped="False">
      <text name="pinname" originx="230" originy="-100" style="Default" rotation="0" justify="left" flipped="False" hidden="False" data="DOUT" />
      <text name="pindes" originx="140" originy="-80" style="Default" rotation="0" justify="lowerright" flipped="False" hidden="False" data="2" />
    </sympin>
    <sympin number="3" originx="200" originy="-200" rotation="180" length="100" width="7.8740157480315" flipped="False">
      <text name="pinname" originx="230" originy="-200" style="Default" rotation="0" justify="left" flipped="False" hidden="False" data="LRCLK" />
      <text name="pindes" originx="140" originy="-180" style="Default" rotation="0" justify="lowerright" flipped="False" hidden="False" data="3" />
    </sympin>
    <sympin number="4" originx="200" originy="-300" rotation="180" length="100" width="7.8740157480315" flipped="False">
      <text name="pinname" originx="230" originy="-300" style="Default" rotation="0" justify="left" flipped="False" hidden="False" data="DGND" />
      <text name="pindes" originx="140" originy="-280" style="Default" rotation="0" justify="lowerright" flipped="False" hidden="False" data="4" />
    </sympin>
    <sympin number="5" originx="200" originy="-400" rotation="180" length="100" width="7.8740157480315" flipped="False">
      <text name="pinname" originx="230" originy="-400" style="Default" rotation="0" justify="left" flipped="False" hidden="False" data="DVDD" />
      <text name="pindes" originx="140" originy="-380" style="Default" rotation="0" justify="lowerright" flipped="False" hidden="False" data="5" />
    </sympin>
    <sympin number="6" originx="200" originy="-500" rotation="180" length="100" width="7.8740157480315" flipped="False">
      <text name="pinname" originx="230" originy="-500" style="Default" rotation="0" justify="left" flipped="False" hidden="False" data="BCLK" />
      <text name="pindes" originx="140" originy="-480" style="Default" rotation="0" justify="lowerright" flipped="False" hidden="False" data="6" />
    </sympin>
    <sympin number="7" originx="200" originy="-600" rotation="180" length="100" width="7.8740157480315" flipped="False">
      <text name="pinname" originx="230" originy="-600" style="Default" rotation="0" justify="left" flipped="False" hidden="False" data="IWL" />
      <text name="pindes" originx="140" originy="-580" style="Default" rotation="0" justify="lowerright" flipped="False" hidden="False" data="7" />
    </sympin>
    <sympin number="8" originx="200" originy="-700" rotation="180" length="100" width="7.8740157480315" flipped="False">
      <text name="pinname" originx="230" originy="-700" style="Default" rotation="0" justify="left" flipped="False" hidden="False" data="FSAMPEN" />
      <text name="pindes" originx="140" originy="-680" style="Default" rotation="0" justify="lowerright" flipped="False" hidden="False" data="8" />
    </sympin>
    <sympin number="9" originx="200" originy="-800" rotation="180" length="100" width="7.8740157480315" flipped="False">
      <text name="pinname" originx="230" originy="-800" style="Default" rotation="0" justify="left" flipped="False" hidden="False" data="FORMAT" />
      <text name="pindes" originx="140" originy="-780" style="Default" rotation="0" justify="lowerright" flipped="False" hidden="False" data="9" />
    </sympin>
    <sympin number="10" originx="200" originy="-900" rotation="180" length="100" width="7.8740157480315" flipped="False">
      <text name="pinname" originx="230" originy="-900" style="Default" rotation="0" justify="left" flipped="False" hidden="False" data="VMID" />
      <text name="pindes" originx="140" originy="-880" style="Default" rotation="0" justify="lowerright" flipped="False" hidden="False" data="10" />
    </sympin>
    <sympin number="20" originx="1200" originy="0" rotation="0" length="100" width="7.8740157480315" flipped="False">
      <text name="pinname" originx="1170" originy="0" style="Default" rotation="0" justify="right" flipped="False" hidden="False" data="M/S" />
      <text name="pindes" originx="1260" originy="20" style="Default" rotation="0" justify="lowerleft" flipped="False" hidden="False" data="20" />
    </sympin>
    <sympin number="19" originx="1200" originy="-100" rotation="0" length="100" width="7.8740157480315" flipped="False">
      <text name="pinname" originx="1170" originy="-100" style="Default" rotation="0" justify="right" flipped="False" hidden="False" data="AINL" />
      <text name="pindes" originx="1260" originy="-80" style="Default" rotation="0" justify="lowerleft" flipped="False" hidden="False" data="19" />
    </sympin>
    <sympin number="18" originx="1200" originy="-200" rotation="0" length="100" width="7.8740157480315" flipped="False">
      <text name="pinname" originx="1170" originy="-200" style="Default" rotation="0" justify="right" flipped="False" hidden="False" data="AINOPL" />
      <text name="pindes" originx="1260" originy="-180" style="Default" rotation="0" justify="lowerleft" flipped="False" hidden="False" data="18" />
    </sympin>
    <sympin number="17" originx="1200" originy="-300" rotation="0" length="100" width="7.8740157480315" flipped="False">
      <text name="pinname" originx="1170" originy="-300" style="Default" rotation="0" justify="right" flipped="False" hidden="False" data="COM" />
      <text name="pindes" originx="1260" originy="-280" style="Default" rotation="0" justify="lowerleft" flipped="False" hidden="False" data="17" />
    </sympin>
    <sympin number="16" originx="1200" originy="-400" rotation="0" length="100" width="7.8740157480315" flipped="False">
      <text name="pinname" originx="1170" originy="-400" style="Default" rotation="0" justify="right" flipped="False" hidden="False" data="AINR" />
      <text name="pindes" originx="1260" originy="-380" style="Default" rotation="0" justify="lowerleft" flipped="False" hidden="False" data="16" />
    </sympin>
    <sympin number="15" originx="1200" originy="-500" rotation="0" length="100" width="7.8740157480315" flipped="False">
      <text name="pinname" originx="1170" originy="-500" style="Default" rotation="0" justify="right" flipped="False" hidden="False" data="AINOPR" />
      <text name="pindes" originx="1260" originy="-480" style="Default" rotation="0" justify="lowerleft" flipped="False" hidden="False" data="15" />
    </sympin>
    <sympin number="14" originx="1200" originy="-600" rotation="0" length="100" width="7.8740157480315" flipped="False">
      <text name="pinname" originx="1170" originy="-600" style="Default" rotation="0" justify="right" flipped="False" hidden="False" data="AGND" />
      <text name="pindes" originx="1260" originy="-580" style="Default" rotation="0" justify="lowerleft" flipped="False" hidden="False" data="14" />
    </sympin>
    <sympin number="13" originx="1200" originy="-700" rotation="0" length="100" width="7.8740157480315" flipped="False">
      <text name="pinname" originx="1170" originy="-700" style="Default" rotation="0" justify="right" flipped="False" hidden="False" data="AVDD" />
      <text name="pindes" originx="1260" originy="-680" style="Default" rotation="0" justify="lowerleft" flipped="False" hidden="False" data="13" />
    </sympin>
    <sympin number="12" originx="1200" originy="-800" rotation="0" length="100" width="7.8740157480315" flipped="False">
      <text name="pinname" originx="1170" originy="-800" style="Default" rotation="0" justify="right" flipped="False" hidden="False" data="VREFP" />
      <text name="pindes" originx="1260" originy="-780" style="Default" rotation="0" justify="lowerleft" flipped="False" hidden="False" data="12" />
    </sympin>
    <sympin number="11" originx="1200" originy="-900" rotation="0" length="100" width="7.8740157480315" flipped="False">
      <text name="pinname" originx="1170" originy="-900" style="Default" rotation="0" justify="right" flipped="False" hidden="False" data="VREFGND" />
      <text name="pindes" originx="1260" originy="-880" style="Default" rotation="0" justify="lowerleft" flipped="False" hidden="False" data="11" />
    </sympin>
  </symbol>
  <component name="WM8782SEDS_V" designatorprefix="IC" height="78.740157480314" footprint="SOP65P780X200-20N">
    <comppin designator="1" sympin="1" pinswap="0" gateswap="0" gate="1" group="1" side="" type="Any" name="MCLK" />
    <comppin designator="2" sympin="2" pinswap="0" gateswap="0" gate="1" group="1" side="" type="Any" name="DOUT" />
    <comppin designator="3" sympin="3" pinswap="0" gateswap="0" gate="1" group="1" side="" type="Any" name="LRCLK" />
    <comppin designator="4" sympin="4" pinswap="0" gateswap="0" gate="1" group="1" side="" type="Any" name="DGND" />
    <comppin designator="5" sympin="5" pinswap="0" gateswap="0" gate="1" group="1" side="" type="Any" name="DVDD" />
    <comppin designator="6" sympin="6" pinswap="0" gateswap="0" gate="1" group="1" side="" type="Any" name="BCLK" />
    <comppin designator="7" sympin="7" pinswap="0" gateswap="0" gate="1" group="1" side="" type="Any" name="IWL" />
    <comppin designator="8" sympin="8" pinswap="0" gateswap="0" gate="1" group="1" side="" type="Any" name="FSAMPEN" />
    <comppin designator="9" sympin="9" pinswap="0" gateswap="0" gate="1" group="1" side="" type="Any" name="FORMAT" />
    <comppin designator="10" sympin="10" pinswap="0" gateswap="0" gate="1" group="1" side="" type="Any" name="VMID" />
    <comppin designator="11" sympin="11" pinswap="0" gateswap="0" gate="1" group="1" side="" type="Any" name="VREFGND" />
    <comppin designator="12" sympin="12" pinswap="0" gateswap="0" gate="1" group="1" side="" type="Any" name="VREFP" />
    <comppin designator="13" sympin="13" pinswap="0" gateswap="0" gate="1" group="1" side="" type="Any" name="AVDD" />
    <comppin designator="14" sympin="14" pinswap="0" gateswap="0" gate="1" group="1" side="" type="Any" name="AGND" />
    <comppin designator="15" sympin="15" pinswap="0" gateswap="0" gate="1" group="1" side="" type="Any" name="AINOPR" />
    <comppin designator="16" sympin="16" pinswap="0" gateswap="0" gate="1" group="1" side="" type="Any" name="AINR" />
    <comppin designator="17" sympin="17" pinswap="0" gateswap="0" gate="1" group="1" side="" type="Any" name="COM" />
    <comppin designator="18" sympin="18" pinswap="0" gateswap="0" gate="1" group="1" side="" type="Any" name="AINOPL" />
    <comppin designator="19" sympin="19" pinswap="0" gateswap="0" gate="1" group="1" side="" type="Any" name="AINL" />
    <comppin designator="20" sympin="20" pinswap="0" gateswap="0" gate="1" group="1" side="" type="Any" name="M/S" />
    <attached_symbol gate="1" name="WM8782SEDS_V" />
    <pinmap designator="1" footprintpin="1" />
    <pinmap designator="2" footprintpin="2" />
    <pinmap designator="3" footprintpin="3" />
    <pinmap designator="4" footprintpin="4" />
    <pinmap designator="5" footprintpin="5" />
    <pinmap designator="6" footprintpin="6" />
    <pinmap designator="7" footprintpin="7" />
    <pinmap designator="8" footprintpin="8" />
    <pinmap designator="9" footprintpin="9" />
    <pinmap designator="10" footprintpin="10" />
    <pinmap designator="11" footprintpin="11" />
    <pinmap designator="12" footprintpin="12" />
    <pinmap designator="13" footprintpin="13" />
    <pinmap designator="14" footprintpin="14" />
    <pinmap designator="15" footprintpin="15" />
    <pinmap designator="16" footprintpin="16" />
    <pinmap designator="17" footprintpin="17" />
    <pinmap designator="18" footprintpin="18" />
    <pinmap designator="19" footprintpin="19" />
    <pinmap designator="20" footprintpin="20" />
    <text name="Datasheet" originx="0" originy="0" style="Default" rotation="0" justify="" flipped="False" hidden="True" data="https://componentsearchengine.com/Datasheets/1/WM8782SEDS_V.pdf" />
    <text name="Description" originx="0" originy="0" style="Default" rotation="0" justify="" flipped="False" hidden="True" data="Audio A/D Converter ICs STEREO ADC 20-pin" />
    <text name="Manufacturer_Name" originx="0" originy="0" style="Default" rotation="0" justify="" flipped="False" hidden="True" data="Cirrus Logic" />
    <text name="Manufacturer_Part_Number" originx="1250" originy="200" style="Default" rotation="0" justify="left" flipped="False" hidden="False" data="WM8782SEDS/V" />
    <text name="Mouser Part Number" originx="0" originy="0" style="Default" rotation="0" justify="" flipped="False" hidden="True" data="238-WM8782SEDS/V" />
    <text name="Mouser Price/Stock" originx="0" originy="0" style="Default" rotation="0" justify="" flipped="False" hidden="True" data="https://www.mouser.com/Search/Refine.aspx?Keyword=238-WM8782SEDS%2FV" />
    <text name="Arrow Part Number" originx="0" originy="0" style="Default" rotation="0" justify="" flipped="False" hidden="True" data="" />
    <text name="Arrow Price/Stock" originx="0" originy="0" style="Default" rotation="0" justify="" flipped="False" hidden="True" data="" />
  </component>
</quadcept_library>
